Date,SP500
1/2/1990,359.69
1/3/1990,358.76
1/4/1990,355.67
1/5/1990,352.2
1/8/1990,353.79
1/9/1990,349.62
1/10/1990,347.31
1/11/1990,348.53
1/12/1990,339.93
1/15/1990,337
1/16/1990,340.75
1/17/1990,337.4
1/18/1990,338.19
1/19/1990,339.15
1/22/1990,330.38
1/23/1990,331.61
1/24/1990,330.26
1/25/1990,326.08
1/26/1990,325.8
1/29/1990,325.2
1/30/1990,322.98
1/31/1990,329.08
2/1/1990,328.79
2/2/1990,330.92
2/5/1990,331.85
2/6/1990,329.66
2/7/1990,333.75
2/8/1990,332.96
2/9/1990,333.62
2/12/1990,330.08
2/13/1990,331.02
2/14/1990,332.01
2/15/1990,334.89
2/16/1990,332.72
2/20/1990,327.99
2/21/1990,327.67
2/22/1990,325.7
2/23/1990,324.15
2/26/1990,328.67
2/27/1990,330.26
2/28/1990,331.89
3/1/1990,332.74
3/2/1990,335.54
3/5/1990,333.74
3/6/1990,337.93
3/7/1990,336.95
3/8/1990,340.27
3/9/1990,337.93
3/12/1990,338.67
3/13/1990,336
3/14/1990,336.87
3/15/1990,338.07
3/16/1990,341.91
3/19/1990,343.53
3/20/1990,341.57
3/21/1990,339.74
3/22/1990,335.65
3/23/1990,337.22
3/26/1990,337.63
3/27/1990,341.5
3/28/1990,342
3/29/1990,340.79
3/30/1990,339.94
4/2/1990,338.7
4/3/1990,343.64
4/4/1990,341.09
4/5/1990,340.73
4/6/1990,340.08
4/9/1990,341.37
4/10/1990,342.07
4/11/1990,341.92
4/12/1990,344.34
4/16/1990,344.74
4/17/1990,344.68
4/18/1990,340.72
4/19/1990,338.09
4/20/1990,335.12
4/23/1990,331.05
4/24/1990,330.36
4/25/1990,332.03
4/26/1990,332.92
4/27/1990,329.11
4/30/1990,330.8
5/1/1990,332.25
5/2/1990,334.48
5/3/1990,335.57
5/4/1990,338.39
5/7/1990,340.53
5/8/1990,342.01
5/9/1990,347.86
5/10/1990,343.82
5/11/1990,352
5/14/1990,354.75
5/15/1990,354.28
5/16/1990,354
5/17/1990,354.47
5/18/1990,354.64
5/21/1990,358
5/22/1990,358.43
5/23/1990,359.29
5/24/1990,358.41
5/25/1990,354.58
5/29/1990,360.65
5/30/1990,360.86
5/31/1990,361.23
6/1/1990,363.16
6/4/1990,367.4
6/5/1990,366.64
6/6/1990,364.96
6/7/1990,363.15
6/8/1990,358.71
6/11/1990,361.63
6/12/1990,366.25
6/13/1990,364.9
6/14/1990,362.9
6/15/1990,362.91
6/18/1990,356.88
6/19/1990,358.97
6/20/1990,359.1
6/21/1990,360.47
6/22/1990,355.43
6/25/1990,352.31
6/26/1990,352.06
6/27/1990,355.14
6/28/1990,357.63
6/29/1990,358.02
7/2/1990,359.54
7/3/1990,360.16
7/5/1990,355.68
7/6/1990,358.42
7/9/1990,359.52
7/10/1990,356.49
7/11/1990,361.23
7/12/1990,365.44
7/13/1990,367.31
7/16/1990,368.95
7/17/1990,367.52
7/18/1990,364.22
7/19/1990,365.32
7/20/1990,361.61
7/23/1990,355.31
7/24/1990,355.79
7/25/1990,357.09
7/26/1990,355.91
7/27/1990,353.44
7/30/1990,355.55
7/31/1990,356.15
8/1/1990,355.52
8/2/1990,351.48
8/3/1990,344.86
8/6/1990,334.43
8/7/1990,334.83
8/8/1990,338.35
8/9/1990,339.94
8/10/1990,335.52
8/13/1990,338.84
8/14/1990,339.39
8/15/1990,340.06
8/16/1990,332.39
8/17/1990,327.83
8/20/1990,328.51
8/21/1990,321.86
8/22/1990,316.55
8/23/1990,307.06
8/24/1990,311.51
8/27/1990,321.44
8/28/1990,321.34
8/29/1990,324.19
8/30/1990,318.71
8/31/1990,322.56
9/4/1990,323.09
9/5/1990,324.39
9/6/1990,320.46
9/7/1990,323.4
9/10/1990,321.63
9/11/1990,321.04
9/12/1990,322.54
9/13/1990,318.65
9/14/1990,316.83
9/17/1990,317.77
9/18/1990,318.6
9/19/1990,316.6
9/20/1990,311.48
9/21/1990,311.32
9/24/1990,304.59
9/25/1990,308.26
9/26/1990,305.06
9/27/1990,300.97
9/28/1990,306.05
10/1/1990,314.94
10/2/1990,315.21
10/3/1990,311.4
10/4/1990,312.69
10/5/1990,311.5
10/8/1990,313.48
10/9/1990,305.1
10/10/1990,300.39
10/11/1990,295.46
10/12/1990,300.03
10/15/1990,303.23
10/16/1990,298.92
10/17/1990,298.76
10/18/1990,305.74
10/19/1990,312.48
10/22/1990,314.76
10/23/1990,312.36
10/24/1990,312.6
10/25/1990,310.17
10/26/1990,304.71
10/29/1990,301.88
10/30/1990,304.06
10/31/1990,304
11/1/1990,307.02
11/2/1990,311.85
11/5/1990,314.59
11/6/1990,311.62
11/7/1990,306.01
11/8/1990,307.61
11/9/1990,313.74
11/12/1990,319.48
11/13/1990,317.67
11/14/1990,320.4
11/15/1990,317.02
11/16/1990,317.12
11/19/1990,319.34
11/20/1990,315.31
11/21/1990,316.03
11/23/1990,315.1
11/26/1990,316.51
11/27/1990,318.1
11/28/1990,317.95
11/29/1990,316.42
11/30/1990,322.22
12/3/1990,324.1
12/4/1990,326.35
12/5/1990,329.92
12/6/1990,329.07
12/7/1990,327.75
12/10/1990,328.89
12/11/1990,326.44
12/12/1990,330.19
12/13/1990,329.34
12/14/1990,326.82
12/17/1990,326.02
12/18/1990,330.05
12/19/1990,330.2
12/20/1990,330.12
12/21/1990,331.75
12/24/1990,329.9
12/26/1990,330.85
12/27/1990,328.29
12/28/1990,328.72
12/31/1990,330.22
1/2/1991,326.45
1/3/1991,321.91
1/4/1991,321
1/7/1991,315.44
1/8/1991,314.9
1/9/1991,311.49
1/10/1991,314.53
1/11/1991,315.23
1/14/1991,312.49
1/15/1991,313.73
1/16/1991,316.17
1/17/1991,327.97
1/18/1991,332.23
1/22/1991,328.31
1/23/1991,330.21
1/24/1991,334.78
1/25/1991,336.07
1/28/1991,336.03
1/29/1991,335.84
1/30/1991,340.91
1/31/1991,343.93
2/1/1991,343.35
2/4/1991,348.34
2/5/1991,351.26
2/6/1991,358.07
2/7/1991,356.52
2/8/1991,359.35
2/11/1991,368.58
2/12/1991,365.5
2/13/1991,369.02
2/14/1991,369
2/15/1991,369.06
2/19/1991,369.39
2/20/1991,365.14
2/21/1991,364.97
2/22/1991,365.65
2/25/1991,367.26
2/26/1991,362.81
2/27/1991,367.74
2/28/1991,367.07
3/1/1991,370.47
3/4/1991,369.33
3/5/1991,376.72
3/6/1991,376.17
3/7/1991,375.91
3/8/1991,374.95
3/11/1991,372.96
3/12/1991,370.03
3/13/1991,374.57
3/14/1991,373.5
3/15/1991,373.59
3/18/1991,372.11
3/19/1991,366.59
3/20/1991,367.92
3/21/1991,366.58
3/26/1991,370.3
3/27/1991,375.35
3/28/1991,375.22
4/1/1991,371.3
4/2/1991,379.3
4/3/1991,378.94
4/4/1991,379.77
4/5/1991,375.36
4/8/1991,378.66
4/9/1991,373.56
4/10/1991,373.15
4/11/1991,377.63
4/12/1991,380.4
4/15/1991,381.19
4/16/1991,387.62
4/17/1991,390.45
4/18/1991,388.46
4/19/1991,384.2
4/22/1991,380.95
4/23/1991,381.76
4/24/1991,382.76
4/25/1991,379.25
4/26/1991,379.02
4/29/1991,373.66
4/30/1991,375.35
5/1/1991,380.29
5/2/1991,380.52
5/3/1991,380.8
5/6/1991,380.08
5/7/1991,377.32
5/8/1991,378.51
5/9/1991,383.25
5/10/1991,375.74
5/13/1991,376.76
5/14/1991,371.62
5/15/1991,388.57
5/16/1991,372.19
5/17/1991,372.39
5/20/1991,372.28
5/21/1991,375.35
5/22/1991,376.19
5/23/1991,374.97
5/24/1991,377.49
5/27/1991,377.49
5/28/1991,381.94
5/29/1991,382.79
5/30/1991,386.96
5/31/1991,389.83
6/3/1991,388.06
6/4/1991,387.74
6/5/1991,385.09
6/6/1991,383.63
6/7/1991,379.43
6/10/1991,378.57
6/11/1991,381.05
6/12/1991,376.65
6/13/1991,377.63
6/14/1991,382.29
6/17/1991,380.13
6/18/1991,378.59
6/19/1991,375.09
6/20/1991,375.42
6/21/1991,377.75
6/24/1991,370.94
6/25/1991,370.65
6/26/1991,371.59
6/27/1991,374.4
6/28/1991,371.16
7/1/1991,377.92
7/2/1991,377.47
7/3/1991,373.33
7/5/1991,374.08
7/8/1991,377.94
7/9/1991,376.11
7/10/1991,375.74
7/11/1991,376.97
7/12/1991,380.25
7/15/1991,382.39
7/16/1991,381.54
7/17/1991,381.18
7/18/1991,385.37
7/19/1991,384.22
7/22/1991,382.88
7/23/1991,379.42
7/24/1991,378.64
7/25/1991,380.96
7/26/1991,380.93
7/29/1991,383.15
7/30/1991,386.69
7/31/1991,387.81
8/1/1991,387.12
8/2/1991,387.18
8/5/1991,385.06
8/6/1991,390.62
8/7/1991,390.56
8/8/1991,389.32
8/9/1991,387.12
8/12/1991,388.02
8/13/1991,389.62
8/14/1991,389.9
8/15/1991,389.33
8/16/1991,385.58
8/19/1991,376.47
8/20/1991,379.43
8/21/1991,390.59
8/22/1991,391.33
8/23/1991,395.17
8/26/1991,393.85
8/27/1991,393.06
8/28/1991,396.64
8/29/1991,396.47
8/30/1991,395.43
9/3/1991,392.15
9/4/1991,389.97
9/5/1991,389.14
9/6/1991,389.1
9/9/1991,388.77
9/10/1991,384.56
9/11/1991,385.09
9/12/1991,387.34
9/13/1991,383.59
9/16/1991,385.78
9/17/1991,385.5
9/18/1991,386.94
9/19/1991,387.56
9/20/1991,387.92
9/23/1991,385.92
9/24/1991,387.71
9/25/1991,386.88
9/26/1991,386.59
9/27/1991,385.9
9/30/1991,387.86
10/1/1991,389.2
10/2/1991,388.26
10/3/1991,384.47
10/4/1991,381.24
10/7/1991,379.5
10/8/1991,380.67
10/9/1991,376.8
10/10/1991,380.55
10/11/1991,381.45
10/14/1991,386.47
10/15/1991,391.01
10/16/1991,392.8
10/17/1991,391.92
10/18/1991,392.5
10/21/1991,390.02
10/22/1991,387.83
10/23/1991,387.94
10/24/1991,385.07
10/25/1991,384.2
10/28/1991,389.52
10/29/1991,391.48
10/30/1991,392.96
10/31/1991,392.46
11/1/1991,391.32
11/4/1991,390.28
11/5/1991,388.71
11/6/1991,389.97
11/7/1991,393.72
11/8/1991,392.89
11/11/1991,393.12
11/12/1991,396.74
11/13/1991,397.41
11/14/1991,397.15
11/15/1991,382.62
11/18/1991,385.24
11/19/1991,379.42
11/20/1991,378.53
11/21/1991,380.06
11/22/1991,376.14
11/25/1991,375.34
11/26/1991,377.96
11/27/1991,376.55
11/29/1991,375.22
12/2/1991,381.4
12/3/1991,380.96
12/4/1991,380.07
12/5/1991,377.39
12/6/1991,379.1
12/9/1991,378.26
12/10/1991,377.9
12/11/1991,377.7
12/12/1991,381.55
12/13/1991,384.47
12/16/1991,384.46
12/17/1991,382.74
12/18/1991,383.48
12/19/1991,382.52
12/20/1991,387.04
12/23/1991,396.82
12/24/1991,399.33
12/26/1991,404.84
12/27/1991,406.46
12/30/1991,415.14
12/31/1991,417.09
1/2/1992,417.26
1/3/1992,419.34
1/6/1992,417.96
1/7/1992,417.4
1/8/1992,418.1
1/9/1992,417.61
1/10/1992,415.1
1/13/1992,414.34
1/14/1992,420.44
1/15/1992,420.77
1/16/1992,418.21
1/17/1992,418.86
1/20/1992,416.36
1/21/1992,412.64
1/22/1992,418.13
1/23/1992,414.96
1/24/1992,415.48
1/27/1992,414.99
1/28/1992,414.96
1/29/1992,410.34
1/30/1992,411.63
1/31/1992,408.79
2/3/1992,409.53
2/4/1992,413.85
2/5/1992,413.84
2/6/1992,413.82
2/7/1992,411.09
2/10/1992,413.77
2/11/1992,413.76
2/12/1992,417.13
2/13/1992,413.69
2/14/1992,412.48
2/18/1992,407.38
2/19/1992,408.26
2/20/1992,413.9
2/21/1992,411.46
2/24/1992,412.27
2/25/1992,410.45
2/26/1992,415.35
2/27/1992,413.86
2/28/1992,412.7
3/2/1992,412.45
3/3/1992,412.85
3/4/1992,409.33
3/5/1992,406.51
3/6/1992,404.44
3/9/1992,405.21
3/10/1992,406.89
3/11/1992,404.03
3/12/1992,403.89
3/13/1992,405.84
3/16/1992,406.39
3/17/1992,409.58
3/18/1992,409.15
3/19/1992,409.8
3/20/1992,411.3
3/23/1992,409.91
3/24/1992,408.88
3/25/1992,407.52
3/26/1992,407.86
3/27/1992,403.5
3/30/1992,403
3/31/1992,403.69
4/1/1992,404.23
4/2/1992,400.5
4/3/1992,401.55
4/6/1992,405.59
4/7/1992,398.06
4/8/1992,394.5
4/9/1992,400.64
4/10/1992,404.29
4/13/1992,406.08
4/14/1992,412.39
4/15/1992,416.28
4/16/1992,416.05
4/20/1992,410.16
4/21/1992,410.26
4/22/1992,409.81
4/23/1992,411.6
4/24/1992,409.02
4/27/1992,408.45
4/28/1992,409.11
4/29/1992,412.02
4/30/1992,414.95
5/1/1992,412.53
5/4/1992,416.91
5/5/1992,416.84
5/6/1992,416.79
5/7/1992,415.85
5/8/1992,416.05
5/11/1992,418.49
5/12/1992,416.29
5/13/1992,416.45
5/14/1992,413.14
5/15/1992,410.09
5/18/1992,412.81
5/19/1992,416.37
5/20/1992,415.39
5/21/1992,412.6
5/22/1992,414.02
5/26/1992,411.41
5/27/1992,412.17
5/28/1992,416.74
5/29/1992,415.35
6/1/1992,417.3
6/2/1992,413.5
6/3/1992,414.59
6/4/1992,413.26
6/5/1992,413.48
6/8/1992,413.36
6/9/1992,410.06
6/10/1992,407.25
6/11/1992,409.05
6/12/1992,409.76
6/15/1992,410.29
6/16/1992,408.32
6/17/1992,402.26
6/18/1992,400.96
6/19/1992,403.67
6/22/1992,403.4
6/23/1992,404.04
6/24/1992,403.83
6/25/1992,403.12
6/26/1992,403.45
6/29/1992,408.94
6/30/1992,408.14
7/1/1992,412.88
7/2/1992,411.77
7/6/1992,413.84
7/7/1992,409.16
7/8/1992,410.28
7/9/1992,414.23
7/10/1992,414.62
7/13/1992,414.87
7/14/1992,417.68
7/15/1992,417.1
7/16/1992,417.54
7/17/1992,415.62
7/20/1992,413.75
7/21/1992,413.76
7/22/1992,410.93
7/23/1992,412.08
7/24/1992,411.6
7/27/1992,411.54
7/28/1992,417.52
7/29/1992,422.23
7/30/1992,423.92
7/31/1992,424.21
8/3/1992,425.09
8/4/1992,424.36
8/5/1992,422.19
8/6/1992,420.59
8/7/1992,418.88
8/10/1992,419.42
8/11/1992,418.9
8/12/1992,417.78
8/13/1992,417.73
8/14/1992,419.91
8/17/1992,420.74
8/18/1992,421.34
8/19/1992,418.19
8/20/1992,418.26
8/21/1992,414.85
8/24/1992,410.72
8/25/1992,411.61
8/26/1992,413.51
8/27/1992,413.53
8/28/1992,414.84
8/31/1992,414.03
9/1/1992,416.07
9/2/1992,417.98
9/3/1992,419.98
9/4/1992,417.08
9/8/1992,414.44
9/9/1992,416.36
9/10/1992,419.95
9/11/1992,419.58
9/14/1992,425.27
9/15/1992,419.77
9/16/1992,419.92
9/17/1992,419.93
9/18/1992,422.93
9/21/1992,422.14
9/22/1992,417.14
9/23/1992,417.44
9/24/1992,418.47
9/25/1992,414.35
9/28/1992,416.62
9/29/1992,416.8
9/30/1992,417.8
10/1/1992,416.29
10/2/1992,410.47
10/5/1992,407.57
10/6/1992,407.18
10/7/1992,404.25
10/8/1992,407.75
10/9/1992,402.66
10/12/1992,407.44
10/13/1992,409.3
10/14/1992,409.37
10/15/1992,409.6
10/16/1992,411.73
10/19/1992,414.98
10/20/1992,415.48
10/21/1992,415.67
10/22/1992,414.9
10/23/1992,414.1
10/26/1992,418.16
10/27/1992,418.49
10/28/1992,420.13
10/29/1992,420.86
10/30/1992,418.68
11/2/1992,422.75
11/3/1992,419.92
11/4/1992,417.11
11/5/1992,418.34
11/6/1992,417.58
11/9/1992,418.59
11/10/1992,418.62
11/11/1992,422.2
11/12/1992,422.87
11/13/1992,422.43
11/16/1992,420.68
11/17/1992,419.27
11/18/1992,422.85
11/19/1992,423.61
11/20/1992,426.65
11/23/1992,425.12
11/24/1992,427.59
11/25/1992,429.19
11/27/1992,430.16
11/30/1992,431.35
12/1/1992,430.78
12/2/1992,429.89
12/3/1992,429.91
12/4/1992,432.06
12/7/1992,435.31
12/8/1992,436.99
12/9/1992,435.65
12/10/1992,434.64
12/11/1992,433.73
12/14/1992,432.84
12/15/1992,432.57
12/16/1992,431.52
12/17/1992,435.43
12/18/1992,441.28
12/21/1992,440.7
12/22/1992,440.31
12/23/1992,439.03
12/24/1992,439.77
12/28/1992,439.15
12/29/1992,437.98
12/30/1992,438.82
12/31/1992,435.71
1/4/1993,435.38
1/5/1993,434.34
1/6/1993,434.52
1/7/1993,430.73
1/8/1993,429.04
1/11/1993,430.95
1/12/1993,431.04
1/13/1993,433.03
1/14/1993,435.94
1/15/1993,437.15
1/18/1993,436.84
1/19/1993,435.13
1/20/1993,433.37
1/21/1993,435.49
1/22/1993,436.11
1/25/1993,440.01
1/26/1993,439.95
1/27/1993,438.11
1/28/1993,438.66
1/29/1993,438.78
2/1/1993,442.52
2/2/1993,442.55
2/3/1993,447.2
2/4/1993,449.56
2/5/1993,448.93
2/8/1993,447.85
2/9/1993,445.33
2/10/1993,446.23
2/11/1993,447.66
2/12/1993,444.58
2/16/1993,433.91
2/17/1993,433.3
2/18/1993,431.9
2/19/1993,434.22
2/22/1993,435.24
2/23/1993,434.8
2/24/1993,440.87
2/25/1993,442.33
2/26/1993,443.38
3/1/1993,442.01
3/2/1993,447.9
3/3/1993,449.26
3/4/1993,447.34
3/5/1993,446.11
3/8/1993,454.71
3/9/1993,454.4
3/10/1993,456.34
3/11/1993,453.72
3/12/1993,449.83
3/15/1993,451.43
3/16/1993,451.37
3/17/1993,448.31
3/18/1993,451.89
3/19/1993,450.18
3/22/1993,448.88
3/23/1993,448.76
3/24/1993,448.07
3/25/1993,450.88
3/26/1993,447.78
3/29/1993,450.77
3/30/1993,451.97
3/31/1993,451.67
4/1/1993,450.3
4/2/1993,441.39
4/5/1993,442.29
4/6/1993,441.16
4/7/1993,442.73
4/8/1993,441.84
4/12/1993,448.37
4/13/1993,449.22
4/14/1993,448.66
4/15/1993,448.4
4/16/1993,448.94
4/19/1993,447.46
4/20/1993,445.1
4/21/1993,443.63
4/22/1993,439.46
4/23/1993,437.03
4/26/1993,433.54
4/27/1993,438.01
4/28/1993,438.02
4/29/1993,438.89
4/30/1993,440.19
5/3/1993,442.46
5/4/1993,444.05
5/5/1993,444.52
5/6/1993,443.26
5/7/1993,442.31
5/10/1993,442.8
5/11/1993,444.36
5/12/1993,444.8
5/13/1993,439.23
5/14/1993,439.56
5/17/1993,440.37
5/18/1993,440.32
5/19/1993,447.54
5/20/1993,450.59
5/21/1993,445.84
5/24/1993,448
5/25/1993,448.85
5/26/1993,453.44
5/27/1993,452.42
5/28/1993,450.21
6/1/1993,453.83
6/2/1993,453.85
6/3/1993,452.49
6/4/1993,450.06
6/7/1993,447.69
6/8/1993,444.71
6/9/1993,445.78
6/10/1993,445.38
6/11/1993,447.3
6/14/1993,447.71
6/15/1993,446.27
6/16/1993,447.43
6/17/1993,448.54
6/18/1993,443.68
6/21/1993,446.22
6/22/1993,445.93
6/23/1993,443.19
6/24/1993,446.62
6/25/1993,447.6
6/28/1993,451.85
6/29/1993,450.69
6/30/1993,450.53
7/1/1993,449.02
7/2/1993,445.84
7/6/1993,441.43
7/7/1993,442.83
7/8/1993,448.64
7/9/1993,448.11
7/12/1993,448.98
7/13/1993,448.09
7/14/1993,450.08
7/15/1993,449.22
7/16/1993,445.75
7/19/1993,446.03
7/20/1993,447.31
7/21/1993,447.18
7/22/1993,444.51
7/23/1993,447.1
7/26/1993,449.09
7/27/1993,448.24
7/28/1993,447.19
7/29/1993,450.24
7/30/1993,448.13
8/2/1993,450.15
8/3/1993,449.27
8/4/1993,448.54
8/5/1993,448.13
8/6/1993,448.68
8/9/1993,450.74
8/10/1993,449.45
8/11/1993,450.46
8/12/1993,448.96
8/13/1993,450.14
8/16/1993,452.38
8/17/1993,453.13
8/18/1993,456.04
8/19/1993,456.43
8/20/1993,456.16
8/23/1993,455.23
8/24/1993,459.77
8/25/1993,460.13
8/26/1993,461.04
8/27/1993,460.54
8/30/1993,461.9
8/31/1993,463.56
9/1/1993,463.15
9/2/1993,461.3
9/3/1993,461.34
9/7/1993,458.52
9/8/1993,456.65
9/9/1993,457.5
9/10/1993,461.72
9/13/1993,462.06
9/14/1993,459.9
9/15/1993,461.6
9/16/1993,459.43
9/17/1993,458.83
9/20/1993,455.05
9/21/1993,452.95
9/22/1993,456.2
9/23/1993,457.74
9/24/1993,457.63
9/27/1993,461.8
9/28/1993,461.53
9/29/1993,460.11
9/30/1993,458.93
10/1/1993,461.28
10/4/1993,461.34
10/5/1993,461.2
10/6/1993,460.74
10/7/1993,459.18
10/8/1993,460.31
10/11/1993,460.88
10/12/1993,461.12
10/13/1993,461.49
10/14/1993,466.83
10/15/1993,469.5
10/18/1993,468.45
10/19/1993,466.21
10/20/1993,466.07
10/21/1993,465.36
10/22/1993,463.27
10/25/1993,464.2
10/26/1993,464.3
10/27/1993,464.61
10/28/1993,467.73
10/29/1993,467.83
11/1/1993,469.1
11/2/1993,468.44
11/3/1993,463.02
11/4/1993,457.49
11/5/1993,459.57
11/8/1993,460.21
11/9/1993,460.33
11/10/1993,463.72
11/11/1993,462.64
11/12/1993,465.39
11/15/1993,463.75
11/16/1993,466.74
11/17/1993,464.81
11/18/1993,463.62
11/19/1993,462.6
11/22/1993,459.13
11/23/1993,461.03
11/24/1993,462.36
11/26/1993,463.06
11/29/1993,461.9
11/30/1993,461.79
12/1/1993,461.89
12/2/1993,463.11
12/3/1993,464.89
12/6/1993,466.43
12/7/1993,466.76
12/8/1993,466.29
12/9/1993,464.18
12/10/1993,463.93
12/13/1993,465.7
12/14/1993,463.06
12/15/1993,461.84
12/16/1993,463.34
12/17/1993,466.38
12/20/1993,465.85
12/21/1993,465.3
12/22/1993,467.32
12/23/1993,467.38
12/27/1993,470.54
12/28/1993,470.94
12/29/1993,470.58
12/30/1993,468.64
12/31/1993,466.45
1/3/1994,465.44
1/4/1994,466.89
1/5/1994,467.55
1/6/1994,467.12
1/7/1994,469.9
1/10/1994,475.27
1/11/1994,474.13
1/12/1994,474.17
1/13/1994,472.47
1/14/1994,474.91
1/17/1994,473.3
1/18/1994,474.25
1/19/1994,474.3
1/20/1994,474.98
1/21/1994,474.73
1/24/1994,471.97
1/25/1994,470.92
1/26/1994,473.2
1/27/1994,477.05
1/28/1994,478.7
1/31/1994,481.61
2/1/1994,479.62
2/2/1994,482
2/3/1994,480.71
2/4/1994,469.81
2/7/1994,471.76
2/8/1994,471.06
2/9/1994,472.77
2/10/1994,468.93
2/11/1994,470.18
2/14/1994,470.23
2/15/1994,472.52
2/16/1994,472.79
2/17/1994,470.34
2/18/1994,467.69
2/22/1994,471.46
2/23/1994,470.69
2/24/1994,464.26
2/25/1994,466.07
2/28/1994,467.14
3/1/1994,464.44
3/2/1994,464.81
3/3/1994,463.01
3/4/1994,464.74
3/7/1994,466.91
3/8/1994,465.88
3/9/1994,467.06
3/10/1994,463.9
3/11/1994,466.44
3/14/1994,467.39
3/15/1994,467.01
3/16/1994,469.42
3/17/1994,470.9
3/18/1994,471.06
3/21/1994,468.54
3/22/1994,468.8
3/23/1994,468.54
3/24/1994,464.35
3/25/1994,460.58
3/28/1994,460
3/29/1994,452.48
3/30/1994,445.55
3/31/1994,445.77
4/1/1994,445.77
4/4/1994,438.92
4/5/1994,448.29
4/6/1994,448.05
4/7/1994,450.88
4/8/1994,447.1
4/11/1994,449.87
4/12/1994,447.57
4/13/1994,446.26
4/14/1994,446.38
4/15/1994,446.18
4/18/1994,442.46
4/19/1994,442.54
4/20/1994,441.96
4/21/1994,448.73
4/22/1994,447.63
4/25/1994,452.71
4/26/1994,451.87
4/28/1994,449.1
4/29/1994,450.91
5/2/1994,453.02
5/3/1994,453.03
5/4/1994,451.72
5/5/1994,451.38
5/6/1994,447.82
5/9/1994,442.32
5/10/1994,446.01
5/11/1994,441.49
5/12/1994,443.75
5/13/1994,444.14
5/16/1994,444.49
5/17/1994,449.37
5/18/1994,453.69
5/19/1994,456.48
5/20/1994,454.92
5/23/1994,453.2
5/24/1994,454.81
5/25/1994,456.34
5/26/1994,457.06
5/27/1994,457.33
5/31/1994,456.5
6/1/1994,457.63
6/2/1994,457.65
6/3/1994,460.13
6/6/1994,458.88
6/7/1994,458.21
6/8/1994,457.06
6/9/1994,457.86
6/10/1994,458.67
6/13/1994,459.1
6/14/1994,462.37
6/15/1994,460.61
6/16/1994,461.93
6/17/1994,458.45
6/20/1994,455.48
6/21/1994,451.34
6/22/1994,453.09
6/23/1994,449.63
6/24/1994,442.8
6/27/1994,447.31
6/28/1994,446.07
6/29/1994,447.63
6/30/1994,444.27
7/1/1994,446.2
7/4/1994,446.2
7/5/1994,446.37
7/6/1994,446.13
7/7/1994,448.38
7/8/1994,449.55
7/11/1994,448.06
7/12/1994,447.95
7/13/1994,448.73
7/14/1994,453.41
7/15/1994,454.16
7/18/1994,455.22
7/19/1994,453.86
7/20/1994,451.6
7/21/1994,452.61
7/22/1994,453.11
7/25/1994,454.25
7/26/1994,453.36
7/27/1994,452.57
7/28/1994,454.24
7/29/1994,458.25
8/1/1994,461.01
8/2/1994,460.56
8/3/1994,461.46
8/4/1994,458.4
8/5/1994,457.09
8/8/1994,457.89
8/9/1994,457.92
8/10/1994,460.3
8/11/1994,458.88
8/12/1994,461.95
8/15/1994,461.23
8/16/1994,465.01
8/17/1994,465.17
8/18/1994,463.17
8/19/1994,463.68
8/22/1994,462.31
8/23/1994,464.51
8/24/1994,469.03
8/25/1994,468.08
8/26/1994,473.8
8/29/1994,474.59
8/30/1994,476.09
8/31/1994,475.5
9/1/1994,473.17
9/2/1994,470.99
9/6/1994,471.86
9/7/1994,470.99
9/8/1994,473.14
9/9/1994,468.18
9/12/1994,466.21
9/13/1994,467.52
9/14/1994,468.8
9/15/1994,474.81
9/16/1994,471.19
9/19/1994,470.85
9/20/1994,463.36
9/21/1994,461.46
9/22/1994,461.27
9/23/1994,459.67
9/26/1994,460.82
9/27/1994,462.05
9/28/1994,464.81
9/29/1994,462.23
9/30/1994,462.71
10/3/1994,461.74
10/4/1994,454.59
10/5/1994,453.52
10/6/1994,452.36
10/7/1994,455.1
10/10/1994,459.04
10/11/1994,465.79
10/12/1994,465.47
10/13/1994,467.79
10/14/1994,469.1
10/17/1994,468.96
10/18/1994,467.66
10/19/1994,470.28
10/20/1994,466.85
10/21/1994,464.89
10/24/1994,460.83
10/25/1994,461.52
10/26/1994,462.61
10/27/1994,465.85
10/28/1994,473.77
10/31/1994,472.35
11/1/1994,468.42
11/2/1994,466.51
11/3/1994,467.91
11/4/1994,462.28
11/7/1994,463.06
11/8/1994,465.65
11/9/1994,465.42
11/10/1994,464.35
11/11/1994,462.35
11/14/1994,466.04
11/15/1994,465.03
11/16/1994,465.62
11/17/1994,463.57
11/18/1994,461.47
11/21/1994,458.29
11/22/1994,450.08
11/23/1994,449.93
11/25/1994,452.29
11/28/1994,454.16
11/29/1994,455.17
11/30/1994,453.69
12/1/1994,448.92
12/2/1994,453.3
12/5/1994,453.33
12/6/1994,453.11
12/7/1994,451.23
12/8/1994,445.45
12/9/1994,446.97
12/12/1994,449.47
12/13/1994,450.15
12/14/1994,454.97
12/15/1994,455.35
12/16/1994,458.8
12/19/1994,457.91
12/20/1994,457.1
12/21/1994,459.61
12/22/1994,459.68
12/23/1994,459.83
12/27/1994,462.47
12/28/1994,460.86
12/29/1994,461.17
12/30/1994,459.27
1/3/1995,459.11
1/4/1995,460.71
1/5/1995,460.34
1/6/1995,460.68
1/9/1995,460.83
1/10/1995,461.68
1/11/1995,461.67
1/12/1995,461.64
1/13/1995,465.97
1/16/1995,469.38
1/17/1995,470.05
1/18/1995,469.71
1/19/1995,466.95
1/20/1995,464.78
1/23/1995,465.82
1/24/1995,465.86
1/25/1995,467.44
1/26/1995,468.32
1/27/1995,470.39
1/30/1995,468.51
1/31/1995,470.42
2/1/1995,470.4
2/2/1995,472.79
2/3/1995,478.65
2/6/1995,481.14
2/7/1995,480.81
2/8/1995,481.19
2/9/1995,480.19
2/10/1995,481.46
2/13/1995,481.65
2/14/1995,482.55
2/15/1995,484.54
2/16/1995,485.22
2/17/1995,481.97
2/21/1995,482.72
2/22/1995,485.07
2/23/1995,486.91
2/24/1995,488.26
2/27/1995,483.96
2/28/1995,487.39
3/1/1995,485.65
3/2/1995,485.13
3/3/1995,485.42
3/6/1995,485.63
3/7/1995,482.12
3/8/1995,483.14
3/9/1995,483.16
3/10/1995,489.57
3/13/1995,490.05
3/14/1995,492.89
3/15/1995,491.88
3/16/1995,495.41
3/17/1995,495.52
3/20/1995,496.14
3/21/1995,495.07
3/22/1995,495.67
3/23/1995,495.95
3/24/1995,500.97
3/27/1995,503.2
3/28/1995,503.9
3/29/1995,503.12
3/30/1995,502.22
3/31/1995,500.71
4/3/1995,501.85
4/4/1995,505.24
4/5/1995,505.57
4/6/1995,506.08
4/7/1995,506.42
4/10/1995,507.01
4/11/1995,505.53
4/12/1995,507.17
4/13/1995,509.23
4/17/1995,506.13
4/18/1995,505.37
4/19/1995,504.92
4/20/1995,505.29
4/21/1995,508.49
4/24/1995,512.89
4/25/1995,512.1
4/26/1995,512.66
4/27/1995,513.55
4/28/1995,514.71
5/1/1995,514.26
5/2/1995,514.86
5/3/1995,520.48
5/4/1995,520.54
5/5/1995,520.12
5/8/1995,523.96
5/9/1995,523.56
5/10/1995,524.36
5/11/1995,524.37
5/12/1995,525.55
5/15/1995,527.74
5/16/1995,528.19
5/17/1995,527.07
5/18/1995,519.58
5/19/1995,519.19
5/22/1995,523.65
5/23/1995,528.59
5/24/1995,528.61
5/25/1995,528.59
5/26/1995,523.65
5/30/1995,523.58
5/31/1995,533.4
6/1/1995,533.49
6/2/1995,532.51
6/5/1995,535.6
6/6/1995,535.55
6/7/1995,533.13
6/8/1995,532.35
6/9/1995,527.94
6/12/1995,530.88
6/13/1995,536.05
6/14/1995,536.47
6/15/1995,537.12
6/16/1995,539.83
6/19/1995,545.22
6/20/1995,544.98
6/21/1995,543.98
6/22/1995,551.07
6/23/1995,549.71
6/26/1995,544.13
6/27/1995,542.43
6/28/1995,544.73
6/29/1995,543.87
6/30/1995,544.75
7/3/1995,547.09
7/5/1995,547.26
7/6/1995,553.99
7/7/1995,556.37
7/10/1995,557.19
7/11/1995,554.78
7/12/1995,560.89
7/13/1995,561
7/14/1995,559.89
7/17/1995,562.72
7/18/1995,558.46
7/19/1995,550.98
7/20/1995,553.54
7/21/1995,553.62
7/24/1995,556.63
7/25/1995,561.1
7/26/1995,561.61
7/27/1995,565.22
7/28/1995,562.93
7/31/1995,562.06
8/1/1995,559.64
8/2/1995,558.8
8/3/1995,558.75
8/4/1995,558.94
8/7/1995,560.03
8/8/1995,560.39
8/9/1995,559.71
8/10/1995,557.45
8/11/1995,555.11
8/14/1995,559.74
8/15/1995,558.57
8/16/1995,559.97
8/17/1995,559.04
8/18/1995,559.21
8/21/1995,558.11
8/22/1995,559.52
8/23/1995,557.14
8/24/1995,557.46
8/25/1995,560.1
8/28/1995,559.05
8/29/1995,560
8/30/1995,560.92
8/31/1995,561.88
9/1/1995,563.84
9/5/1995,569.17
9/6/1995,570.17
9/7/1995,570.29
9/8/1995,572.68
9/11/1995,573.91
9/12/1995,576.51
9/13/1995,578.77
9/14/1995,583.61
9/15/1995,583.35
9/18/1995,582.77
9/19/1995,584.2
9/20/1995,586.77
9/21/1995,583
9/22/1995,581.73
9/25/1995,581.81
9/26/1995,581.41
9/27/1995,581.04
9/28/1995,585.87
9/29/1995,584.41
10/2/1995,581.72
10/3/1995,582.34
10/4/1995,581.47
10/5/1995,582.63
10/6/1995,582.49
10/9/1995,578.37
10/10/1995,577.52
10/11/1995,579.46
10/12/1995,583.1
10/13/1995,584.5
10/16/1995,583.03
10/17/1995,586.78
10/18/1995,587.44
10/19/1995,590.65
10/20/1995,587.46
10/23/1995,585.06
10/24/1995,586.56
10/25/1995,582.47
10/26/1995,576.72
10/27/1995,579.7
10/30/1995,583.25
10/31/1995,581.5
11/1/1995,584.22
11/2/1995,589.72
11/3/1995,590.57
11/6/1995,588.46
11/7/1995,586.32
11/8/1995,591.71
11/9/1995,593.26
11/10/1995,592.72
11/13/1995,592.3
11/14/1995,589.29
11/15/1995,593.96
11/16/1995,597.34
11/17/1995,600.07
11/20/1995,596.85
11/21/1995,600.24
11/22/1995,598.4
11/24/1995,599.97
11/27/1995,601.32
11/28/1995,606.45
11/29/1995,607.64
11/30/1995,605.37
12/1/1995,606.98
12/4/1995,613.68
12/5/1995,617.68
12/6/1995,620.18
12/7/1995,616.17
12/8/1995,617.48
12/11/1995,619.52
12/12/1995,618.78
12/13/1995,621.69
12/14/1995,616.92
12/15/1995,616.34
12/18/1995,606.81
12/19/1995,611.93
12/20/1995,605.94
12/21/1995,610.49
12/22/1995,611.95
12/26/1995,614.3
12/27/1995,614.53
12/28/1995,614.12
12/29/1995,615.93
1/2/1996,620.73
1/3/1996,621.32
1/4/1996,617.7
1/5/1996,616.72
1/8/1996,618.46
1/9/1996,609.45
1/10/1996,598.48
1/11/1996,602.69
1/12/1996,601.81
1/15/1996,599.82
1/16/1996,608.44
1/17/1996,606.37
1/18/1996,608.24
1/19/1996,611.83
1/22/1996,613.4
1/23/1996,612.79
1/24/1996,619.96
1/25/1996,617.03
1/26/1996,621.62
1/29/1996,624.22
1/30/1996,630.15
1/31/1996,636.02
2/1/1996,638.46
2/2/1996,635.85
2/5/1996,641.43
2/6/1996,646.33
2/7/1996,649.93
2/8/1996,656.07
2/9/1996,656.37
2/12/1996,661.45
2/13/1996,660.51
2/14/1996,655.58
2/15/1996,651.32
2/16/1996,647.98
2/20/1996,640.65
2/21/1996,648.1
2/22/1996,658.86
2/23/1996,659.08
2/26/1996,650.46
2/27/1996,647.24
2/28/1996,644.75
2/29/1996,640.43
3/1/1996,644.37
3/4/1996,650.81
3/5/1996,655.79
3/6/1996,652
3/7/1996,653.65
3/8/1996,633.5
3/11/1996,640.02
3/12/1996,637.09
3/13/1996,638.55
3/14/1996,640.87
3/15/1996,641.43
3/18/1996,652.65
3/19/1996,651.69
3/20/1996,649.98
3/21/1996,649.19
3/22/1996,650.62
3/25/1996,650.04
3/26/1996,652.97
3/27/1996,648.91
3/28/1996,648.94
3/29/1996,645.5
4/1/1996,653.73
4/2/1996,655.26
4/3/1996,655.88
4/4/1996,655.86
4/8/1996,644.24
4/9/1996,642.19
4/10/1996,633.5
4/11/1996,631.18
4/12/1996,636.71
4/15/1996,642.49
4/16/1996,645
4/17/1996,641.61
4/18/1996,643.61
4/19/1996,645.07
4/22/1996,647.89
4/23/1996,651.58
4/24/1996,650.17
4/25/1996,652.87
4/26/1996,653.46
4/29/1996,654.16
4/30/1996,654.17
5/1/1996,654.58
5/2/1996,643.38
5/3/1996,641.63
5/6/1996,640.81
5/7/1996,638.26
5/8/1996,644.78
5/9/1996,645.44
5/10/1996,652.09
5/13/1996,661.51
5/14/1996,665.6
5/15/1996,665.42
5/16/1996,664.85
5/17/1996,668.91
5/20/1996,673.15
5/21/1996,672.76
5/22/1996,678.42
5/23/1996,676
5/24/1996,678.51
5/28/1996,672.23
5/29/1996,667.93
5/30/1996,671.7
5/31/1996,669.12
6/3/1996,667.68
6/4/1996,672.56
6/5/1996,678.44
6/6/1996,673.03
6/7/1996,673.31
6/10/1996,672.16
6/11/1996,670.97
6/12/1996,669.04
6/13/1996,667.92
6/14/1996,665.85
6/17/1996,665.16
6/18/1996,662.06
6/19/1996,661.96
6/20/1996,662.1
6/21/1996,666.84
6/24/1996,668.85
6/25/1996,668.48
6/26/1996,664.39
6/27/1996,668.55
6/28/1996,670.63
7/1/1996,675.88
7/2/1996,673.61
7/3/1996,672.4
7/5/1996,657.44
7/8/1996,652.54
7/9/1996,654.75
7/10/1996,656.06
7/11/1996,645.67
7/12/1996,646.19
7/15/1996,629.8
7/16/1996,628.37
7/17/1996,634.07
7/18/1996,643.56
7/19/1996,638.73
7/22/1996,633.77
7/23/1996,626.87
7/24/1996,626.65
7/25/1996,631.17
7/26/1996,635.9
7/29/1996,630.91
7/30/1996,635.26
7/31/1996,639.95
8/1/1996,650.02
8/2/1996,662.49
8/5/1996,660.23
8/6/1996,662.38
8/7/1996,664.16
8/8/1996,662.59
8/9/1996,662.1
8/12/1996,665.77
8/13/1996,660.2
8/14/1996,662.05
8/15/1996,662.28
8/16/1996,665.21
8/19/1996,666.58
8/20/1996,665.69
8/21/1996,665.07
8/22/1996,670.68
8/23/1996,667.03
8/26/1996,663.88
8/27/1996,666.4
8/28/1996,664.81
8/29/1996,657.4
8/30/1996,651.99
9/3/1996,654.72
9/4/1996,655.61
9/5/1996,649.44
9/6/1996,655.68
9/9/1996,663.76
9/10/1996,663.81
9/11/1996,667.28
9/12/1996,671.13
9/13/1996,680.54
9/16/1996,683.98
9/17/1996,682.94
9/18/1996,681.47
9/19/1996,683
9/20/1996,687.02
9/23/1996,686.48
9/24/1996,685.61
9/25/1996,685.83
9/26/1996,685.86
9/27/1996,686.19
9/30/1996,687.33
10/1/1996,689.08
10/2/1996,694.01
10/3/1996,692.78
10/4/1996,701.46
10/7/1996,703.38
10/8/1996,700.64
10/9/1996,696.74
10/10/1996,694.61
10/11/1996,700.66
10/14/1996,703.54
10/15/1996,702.57
10/16/1996,704.41
10/17/1996,706.99
10/18/1996,710.82
10/21/1996,709.85
10/22/1996,706.57
10/23/1996,707.27
10/24/1996,702.29
10/25/1996,700.92
10/28/1996,697.26
10/29/1996,701.5
10/30/1996,700.9
10/31/1996,705.27
11/1/1996,703.77
11/4/1996,706.73
11/5/1996,714.14
11/6/1996,724.59
11/7/1996,727.65
11/8/1996,730.82
11/11/1996,731.87
11/12/1996,729.56
11/13/1996,731.13
11/14/1996,735.88
11/15/1996,737.62
11/18/1996,737.02
11/19/1996,742.16
11/20/1996,743.95
11/21/1996,742.75
11/22/1996,748.73
11/25/1996,757.03
11/26/1996,755.96
11/27/1996,755
11/29/1996,757.02
12/2/1996,756.56
12/3/1996,748.28
12/4/1996,745.1
12/5/1996,744.38
12/6/1996,739.6
12/9/1996,749.76
12/10/1996,747.54
12/11/1996,740.73
12/12/1996,729.3
12/13/1996,728.64
12/16/1996,720.98
12/17/1996,726.04
12/18/1996,731.54
12/19/1996,745.76
12/20/1996,748.87
12/23/1996,746.92
12/24/1996,751.03
12/26/1996,755.82
12/27/1996,756.79
12/30/1996,753.85
12/31/1996,740.74
1/2/1997,737.01
1/3/1997,748.03
1/6/1997,747.65
1/7/1997,753.23
1/8/1997,748.41
1/9/1997,754.85
1/10/1997,759.5
1/13/1997,759.51
1/14/1997,768.86
1/15/1997,767.2
1/16/1997,769.75
1/17/1997,776.17
1/20/1997,776.7
1/21/1997,782.72
1/22/1997,786.23
1/23/1997,777.56
1/24/1997,770.52
1/27/1997,765.02
1/28/1997,765.02
1/29/1997,772.5
1/30/1997,784.17
1/31/1997,786.16
2/3/1997,786.73
2/4/1997,789.26
2/5/1997,778.28
2/6/1997,780.15
2/7/1997,789.56
2/10/1997,785.43
2/11/1997,789.59
2/12/1997,802.77
2/13/1997,811.82
2/14/1997,808.48
2/18/1997,816.29
2/19/1997,812.49
2/20/1997,802.8
2/21/1997,801.77
2/24/1997,810.28
2/25/1997,812.03
2/26/1997,805.68
2/27/1997,795.07
2/28/1997,790.82
3/3/1997,795.31
3/4/1997,790.95
3/5/1997,801.99
3/6/1997,798.56
3/7/1997,804.97
3/10/1997,813.65
3/11/1997,811.34
3/12/1997,804.26
3/13/1997,789.56
3/14/1997,793.17
3/17/1997,795.71
3/18/1997,789.66
3/19/1997,785.77
3/20/1997,782.65
3/21/1997,784.1
3/24/1997,790.89
3/25/1997,789.07
3/26/1997,790.5
3/27/1997,773.88
3/31/1997,757.12
4/1/1997,759.64
4/2/1997,750.11
4/3/1997,750.32
4/4/1997,757.9
4/7/1997,762.13
4/8/1997,766.12
4/9/1997,760.6
4/10/1997,758.34
4/11/1997,737.65
4/14/1997,743.73
4/15/1997,754.72
4/16/1997,763.53
4/17/1997,761.77
4/18/1997,766.34
4/21/1997,760.37
4/22/1997,774.61
4/23/1997,773.64
4/24/1997,771.18
4/25/1997,765.37
4/28/1997,772.96
4/29/1997,794.05
4/30/1997,801.34
5/1/1997,798.53
5/2/1997,812.97
5/5/1997,830.29
5/6/1997,827.76
5/7/1997,815.62
5/8/1997,820.26
5/9/1997,824.78
5/12/1997,837.66
5/13/1997,833.13
5/14/1997,836.04
5/15/1997,841.88
5/16/1997,829.75
5/19/1997,833.27
5/20/1997,841.66
5/21/1997,839.35
5/22/1997,835.66
5/23/1997,847.03
5/27/1997,849.71
5/28/1997,847.21
5/29/1997,844.08
5/30/1997,848.28
6/2/1997,846.36
6/3/1997,845.48
6/4/1997,840.11
6/5/1997,843.43
6/6/1997,858.01
6/9/1997,862.91
6/10/1997,865.27
6/11/1997,869.57
6/12/1997,883.46
6/13/1997,893.27
6/16/1997,893.9
6/17/1997,894.43
6/18/1997,889.1
6/19/1997,897.99
6/20/1997,898.7
6/23/1997,878.62
6/24/1997,896.34
6/25/1997,888.99
6/26/1997,883.68
6/27/1997,887.3
6/30/1997,885.14
7/1/1997,891.03
7/2/1997,904.03
7/3/1997,916.92
7/7/1997,912.2
7/8/1997,918.75
7/9/1997,907.54
7/10/1997,913.78
7/11/1997,916.68
7/14/1997,918.38
7/15/1997,925.76
7/16/1997,936.59
7/17/1997,931.61
7/18/1997,915.3
7/21/1997,912.94
7/22/1997,933.98
7/23/1997,936.56
7/24/1997,940.28
7/25/1997,938.79
7/28/1997,936.45
7/29/1997,942.29
7/30/1997,952.29
7/31/1997,954.31
8/1/1997,947.14
8/4/1997,950.3
8/5/1997,952.37
8/6/1997,960.32
8/7/1997,951.19
8/8/1997,933.54
8/11/1997,937
8/12/1997,926.53
8/13/1997,922.02
8/14/1997,924.77
8/15/1997,900.81
8/18/1997,912.49
8/19/1997,926.01
8/20/1997,939.35
8/21/1997,925.05
8/22/1997,923.54
8/25/1997,920.16
8/26/1997,913.02
8/27/1997,913.7
8/28/1997,903.67
8/29/1997,899.47
9/2/1997,927.58
9/3/1997,927.86
9/4/1997,930.87
9/5/1997,929.05
9/8/1997,931.2
9/9/1997,933.62
9/10/1997,919.03
9/11/1997,912.59
9/12/1997,923.91
9/15/1997,919.77
9/16/1997,945.64
9/17/1997,943
9/18/1997,947.29
9/19/1997,950.51
9/22/1997,955.43
9/23/1997,951.93
9/24/1997,944.48
9/25/1997,937.91
9/26/1997,945.22
9/29/1997,953.34
9/30/1997,947.28
10/1/1997,955.41
10/2/1997,960.46
10/3/1997,965.03
10/6/1997,972.69
10/7/1997,983.12
10/8/1997,973.84
10/9/1997,970.62
10/10/1997,966.98
10/13/1997,968.1
10/14/1997,970.28
10/15/1997,965.72
10/16/1997,955.23
10/17/1997,944.16
10/20/1997,955.61
10/21/1997,972.28
10/22/1997,968.49
10/23/1997,950.69
10/24/1997,941.64
10/27/1997,876.99
10/28/1997,921.85
10/29/1997,919.16
10/30/1997,903.68
10/31/1997,914.62
11/3/1997,938.99
11/4/1997,940.76
11/5/1997,942.76
11/6/1997,938.03
11/7/1997,927.51
11/10/1997,921.13
11/11/1997,923.78
11/12/1997,905.96
11/13/1997,916.66
11/14/1997,928.35
11/17/1997,946.2
11/18/1997,938.23
11/19/1997,944.59
11/20/1997,958.98
11/21/1997,963.09
11/24/1997,946.67
11/25/1997,950.82
11/26/1997,951.64
11/28/1997,955.4
12/1/1997,974.77
12/2/1997,971.68
12/3/1997,976.77
12/4/1997,973.1
12/5/1997,983.79
12/8/1997,982.37
12/9/1997,975.78
12/10/1997,969.79
12/11/1997,954.94
12/12/1997,953.39
12/15/1997,963.39
12/16/1997,968.04
12/17/1997,965.54
12/18/1997,955.3
12/19/1997,946.78
12/22/1997,953.7
12/23/1997,939.13
12/24/1997,932.7
12/26/1997,936.46
12/29/1997,953.35
12/30/1997,970.84
12/31/1997,970.43
1/2/1998,975.04
1/5/1998,977.07
1/6/1998,966.58
1/7/1998,964
1/8/1998,956.05
1/9/1998,927.69
1/12/1998,939.21
1/13/1998,952.12
1/14/1998,957.94
1/15/1998,950.73
1/16/1998,961.51
1/20/1998,978.6
1/21/1998,970.81
1/22/1998,963.04
1/23/1998,957.59
1/26/1998,956.95
1/27/1998,969.02
1/28/1998,977.46
1/29/1998,985.49
1/30/1998,980.28
2/2/1998,1001.27
2/3/1998,1006
2/4/1998,1006.9
2/5/1998,1003.54
2/6/1998,1012.46
2/9/1998,1010.74
2/10/1998,1019.01
2/11/1998,1020.01
2/12/1998,1024.14
2/13/1998,1020.09
2/17/1998,1022.76
2/18/1998,1032.08
2/19/1998,1028.28
2/20/1998,1034.21
2/23/1998,1038.14
2/24/1998,1030.56
2/25/1998,1042.9
2/26/1998,1048.67
2/27/1998,1049.34
3/2/1998,1047.7
3/3/1998,1052.02
3/4/1998,1047.33
3/5/1998,1035.05
3/6/1998,1055.69
3/9/1998,1052.31
3/10/1998,1064.25
3/11/1998,1068.47
3/12/1998,1069.92
3/13/1998,1068.61
3/16/1998,1079.27
3/17/1998,1080.45
3/18/1998,1085.52
3/19/1998,1089.74
3/20/1998,1099.16
3/23/1998,1095.55
3/24/1998,1105.65
3/25/1998,1101.93
3/26/1998,1100.8
3/27/1998,1095.44
3/30/1998,1093.55
3/31/1998,1101.75
4/1/1998,1108.15
4/2/1998,1120.01
4/3/1998,1122.7
4/6/1998,1121.39
4/7/1998,1109.55
4/8/1998,1101.65
4/9/1998,1110.67
4/13/1998,1109.69
4/14/1998,1115.75
4/15/1998,1119.32
4/16/1998,1108.17
4/17/1998,1122.72
4/20/1998,1123.65
4/21/1998,1126.67
4/22/1998,1130.54
4/23/1998,1119.58
4/24/1998,1107.9
4/27/1998,1086.54
4/28/1998,1085.11
4/29/1998,1094.63
4/30/1998,1111.77
5/1/1998,1121
5/4/1998,1122.07
5/5/1998,1115.65
5/6/1998,1104.92
5/7/1998,1095.14
5/8/1998,1108.14
5/11/1998,1106.64
5/12/1998,1115.79
5/13/1998,1118.86
5/14/1998,1117.37
5/15/1998,1108.73
5/18/1998,1105.82
5/19/1998,1109.52
5/20/1998,1119.06
5/21/1998,1114.64
5/22/1998,1110.47
5/26/1998,1094.02
5/27/1998,1092.23
5/28/1998,1097.6
5/29/1998,1090.82
6/1/1998,1090.98
6/2/1998,1093.03
6/3/1998,1082.73
6/4/1998,1094.83
6/5/1998,1113.86
6/8/1998,1115.72
6/9/1998,1118.41
6/10/1998,1112.28
6/11/1998,1094.58
6/12/1998,1098.84
6/15/1998,1077.01
6/16/1998,1087.59
6/17/1998,1107.11
6/18/1998,1106.37
6/19/1998,1100.65
6/22/1998,1103.24
6/23/1998,1119.49
6/24/1998,1132.88
6/25/1998,1129.28
6/26/1998,1133.2
6/29/1998,1138.49
6/30/1998,1133.84
7/1/1998,1148.56
7/2/1998,1146.42
7/6/1998,1157.31
7/7/1998,1154.66
7/8/1998,1166.37
7/9/1998,1158.56
7/10/1998,1164.33
7/13/1998,1165.19
7/14/1998,1177.58
7/15/1998,1174.81
7/16/1998,1183.99
7/17/1998,1186.75
7/20/1998,1184.1
7/21/1998,1165.07
7/22/1998,1164.08
7/23/1998,1139.75
7/24/1998,1140.8
7/27/1998,1147.27
7/28/1998,1130.24
7/29/1998,1125.21
7/30/1998,1142.95
7/31/1998,1120.67
8/3/1998,1112.44
8/4/1998,1072.12
8/5/1998,1081.43
8/6/1998,1089.63
8/7/1998,1089.45
8/10/1998,1083.14
8/11/1998,1068.98
8/12/1998,1084.22
8/13/1998,1074.91
8/14/1998,1062.75
8/17/1998,1083.67
8/18/1998,1101.2
8/19/1998,1098.06
8/20/1998,1091.6
8/21/1998,1081.18
8/24/1998,1088.14
8/25/1998,1092.86
8/26/1998,1084.19
8/27/1998,1042.59
8/28/1998,1027.25
8/31/1998,957.53
9/1/1998,994.24
9/2/1998,990.48
9/3/1998,982.26
9/4/1998,973.89
9/8/1998,1023.46
9/9/1998,1006.2
9/10/1998,980.19
9/11/1998,1009.06
9/14/1998,1029.72
9/15/1998,1037.68
9/16/1998,1045.48
9/17/1998,1018.87
9/18/1998,1020.09
9/21/1998,1023.89
9/22/1998,1029.63
9/23/1998,1066.09
9/24/1998,1042.72
9/25/1998,1044.75
9/28/1998,1048.69
9/29/1998,1049.02
9/30/1998,1017.05
10/1/1998,986.39
10/2/1998,1002.6
10/5/1998,988.56
10/6/1998,984.59
10/7/1998,970.68
10/8/1998,959.44
10/9/1998,984.39
10/12/1998,997.71
10/13/1998,994.8
10/14/1998,1005.53
10/15/1998,1047.49
10/16/1998,1056.42
10/19/1998,1062.39
10/20/1998,1063.93
10/21/1998,1069.92
10/22/1998,1078.48
10/23/1998,1070.67
10/26/1998,1072.32
10/27/1998,1065.34
10/28/1998,1068.09
10/29/1998,1085.93
10/30/1998,1098.67
11/2/1998,1111.6
11/3/1998,1110.84
11/4/1998,1118.67
11/5/1998,1133.68
11/6/1998,1141.01
11/9/1998,1130.2
11/10/1998,1128.26
11/11/1998,1120.97
11/12/1998,1117.69
11/13/1998,1125.72
11/16/1998,1135.86
11/17/1998,1139.32
11/18/1998,1144.48
11/19/1998,1152.61
11/20/1998,1163.55
11/23/1998,1188.21
11/24/1998,1182.99
11/25/1998,1186.87
11/27/1998,1192.29
11/30/1998,1163.63
12/1/1998,1175.28
12/2/1998,1171.25
12/3/1998,1150.14
12/4/1998,1176.74
12/7/1998,1187.7
12/8/1998,1181.38
12/9/1998,1183.49
12/10/1998,1165.02
12/11/1998,1166.46
12/14/1998,1141.2
12/15/1998,1162.83
12/16/1998,1161.97
12/17/1998,1179.98
12/18/1998,1188.03
12/21/1998,1202.84
12/22/1998,1203.57
12/23/1998,1228.54
12/24/1998,1226.27
12/28/1998,1225.49
12/29/1998,1241.81
12/30/1998,1231.93
12/31/1998,1229.23
1/4/1999,1228.1
1/5/1999,1244.78
1/6/1999,1272.34
1/7/1999,1269.73
1/8/1999,1275.09
1/11/1999,1263.88
1/12/1999,1239.51
1/13/1999,1234.4
1/14/1999,1212.19
1/15/1999,1243.26
1/19/1999,1250.89
1/20/1999,1256.62
1/21/1999,1235.16
1/22/1999,1225.19
1/25/1999,1233.98
1/26/1999,1252.31
1/27/1999,1243.19
1/28/1999,1265.37
1/29/1999,1279.64
2/1/1999,1273
2/2/1999,1261.99
2/3/1999,1272.07
2/4/1999,1248.49
2/5/1999,1239.4
2/8/1999,1243.77
2/9/1999,1216.14
2/10/1999,1223.55
2/11/1999,1254.04
2/12/1999,1230.13
2/16/1999,1241.87
2/17/1999,1224.03
2/18/1999,1237.28
2/19/1999,1239.19
2/22/1999,1272.14
2/23/1999,1271.18
2/24/1999,1253.41
2/25/1999,1245.02
2/26/1999,1238.33
3/1/1999,1236.16
3/2/1999,1225.5
3/3/1999,1227.7
3/4/1999,1246.64
3/5/1999,1275.47
3/8/1999,1282.73
3/9/1999,1279.84
3/10/1999,1286.84
3/11/1999,1297.68
3/12/1999,1294.59
3/15/1999,1307.26
3/16/1999,1306.36
3/17/1999,1297.82
3/18/1999,1316.55
3/19/1999,1299.29
3/22/1999,1297.01
3/23/1999,1262.14
3/24/1999,1268.59
3/25/1999,1289.99
3/26/1999,1282.8
3/29/1999,1310.17
3/30/1999,1300.75
3/31/1999,1286.37
4/1/1999,1293.72
4/5/1999,1321.12
4/6/1999,1317.89
4/7/1999,1326.89
4/8/1999,1343.98
4/9/1999,1348.35
4/12/1999,1358.63
4/13/1999,1349.82
4/14/1999,1328.44
4/15/1999,1322.85
4/16/1999,1319
4/19/1999,1289.48
4/20/1999,1306.17
4/21/1999,1336.12
4/22/1999,1358.83
4/23/1999,1356.85
4/26/1999,1360.04
4/27/1999,1362.8
4/28/1999,1350.91
4/29/1999,1342.83
4/30/1999,1335.18
5/3/1999,1354.63
5/4/1999,1332
5/5/1999,1347.31
5/6/1999,1332.05
5/7/1999,1345
5/10/1999,1340.3
5/11/1999,1355.61
5/12/1999,1364
5/13/1999,1367.56
5/14/1999,1337.8
5/17/1999,1339.49
5/18/1999,1333.32
5/19/1999,1344.23
5/20/1999,1338.83
5/21/1999,1330.29
5/24/1999,1306.65
5/25/1999,1284.4
5/26/1999,1304.76
5/27/1999,1281.41
5/28/1999,1301.84
6/1/1999,1294.26
6/2/1999,1294.81
6/3/1999,1299.54
6/4/1999,1327.75
6/7/1999,1334.52
6/8/1999,1317.33
6/9/1999,1318.64
6/10/1999,1302.82
6/11/1999,1293.64
6/14/1999,1294
6/15/1999,1301.16
6/16/1999,1330.41
6/17/1999,1339.9
6/18/1999,1342.84
6/21/1999,1349
6/22/1999,1335.88
6/23/1999,1333.06
6/24/1999,1315.78
6/25/1999,1315.31
6/28/1999,1331.35
6/29/1999,1351.45
6/30/1999,1372.71
7/1/1999,1380.96
7/2/1999,1391.22
7/6/1999,1388.12
7/7/1999,1395.86
7/8/1999,1394.42
7/9/1999,1403.28
7/12/1999,1399.1
7/13/1999,1393.56
7/14/1999,1398.17
7/15/1999,1409.62
7/16/1999,1418.78
7/19/1999,1407.65
7/20/1999,1377.1
7/21/1999,1379.29
7/22/1999,1360.97
7/23/1999,1356.94
7/26/1999,1347.76
7/27/1999,1362.84
7/28/1999,1365.4
7/29/1999,1341.03
7/30/1999,1328.72
8/2/1999,1328.05
8/3/1999,1322.18
8/4/1999,1305.33
8/5/1999,1313.71
8/6/1999,1300.29
8/9/1999,1297.8
8/10/1999,1281.43
8/11/1999,1301.93
8/12/1999,1298.16
8/13/1999,1327.68
8/16/1999,1330.77
8/17/1999,1344.16
8/18/1999,1332.84
8/19/1999,1323.59
8/20/1999,1336.61
8/23/1999,1360.22
8/24/1999,1363.5
8/25/1999,1381.79
8/26/1999,1362.01
8/27/1999,1348.27
8/30/1999,1324.02
8/31/1999,1320.41
9/1/1999,1331.07
9/2/1999,1319.11
9/3/1999,1357.24
9/7/1999,1350.45
9/8/1999,1344.15
9/9/1999,1347.66
9/10/1999,1351.66
9/13/1999,1344.13
9/14/1999,1336.29
9/15/1999,1317.97
9/16/1999,1318.48
9/17/1999,1335.42
9/20/1999,1335.53
9/21/1999,1307.58
9/22/1999,1310.51
9/23/1999,1280.41
9/24/1999,1277.36
9/27/1999,1283.31
9/28/1999,1282.2
9/29/1999,1268.37
9/30/1999,1282.71
10/1/1999,1282.81
10/4/1999,1304.6
10/5/1999,1301.35
10/6/1999,1325.4
10/7/1999,1317.64
10/8/1999,1336.02
10/11/1999,1335.21
10/12/1999,1313.04
10/13/1999,1285.55
10/14/1999,1283.42
10/15/1999,1247.41
10/18/1999,1254.13
10/19/1999,1261.32
10/20/1999,1289.43
10/21/1999,1283.61
10/22/1999,1301.65
10/25/1999,1293.63
10/26/1999,1281.91
10/27/1999,1296.71
10/28/1999,1342.44
10/29/1999,1362.93
11/1/1999,1354.12
11/2/1999,1347.74
11/3/1999,1354.93
11/4/1999,1362.64
11/5/1999,1370.23
11/8/1999,1377.01
11/9/1999,1365.28
11/10/1999,1373.46
11/11/1999,1381.46
11/12/1999,1396.06
11/15/1999,1394.39
11/16/1999,1420.03
11/17/1999,1410.71
11/18/1999,1424.94
11/19/1999,1422
11/22/1999,1420.94
11/23/1999,1404.64
11/24/1999,1417.08
11/26/1999,1416.62
11/29/1999,1407.83
11/30/1999,1388.91
12/1/1999,1397.72
12/2/1999,1409.04
12/3/1999,1433.3
12/6/1999,1423.34
12/7/1999,1409.17
12/8/1999,1403.88
12/9/1999,1408.11
12/10/1999,1417.04
12/13/1999,1415.22
12/14/1999,1403.17
12/15/1999,1413.33
12/16/1999,1418.78
12/17/1999,1421.05
12/20/1999,1418.09
12/21/1999,1433.43
12/22/1999,1436.13
12/23/1999,1458.34
12/27/1999,1457.09
12/28/1999,1457.66
12/29/1999,1463.46
12/30/1999,1464.47
12/31/1999,1469.25
1/3/2000,1455.22
1/4/2000,1399.42
1/5/2000,1402.11
1/6/2000,1403.45
1/7/2000,1441.47
1/10/2000,1457.6
1/11/2000,1438.56
1/12/2000,1432.25
1/13/2000,1449.68
1/14/2000,1465.15
1/18/2000,1455.14
1/19/2000,1455.9
1/20/2000,1445.57
1/21/2000,1441.36
1/24/2000,1401.53
1/25/2000,1410.03
1/26/2000,1404.09
1/27/2000,1398.56
1/28/2000,1360.16
1/31/2000,1394.46
2/1/2000,1409.28
2/2/2000,1409.12
2/3/2000,1424.97
2/4/2000,1424.37
2/7/2000,1424.24
2/8/2000,1441.75
2/9/2000,1411.71
2/10/2000,1416.83
2/11/2000,1387.12
2/14/2000,1389.94
2/15/2000,1402.05
2/16/2000,1387.67
2/17/2000,1388.25
2/18/2000,1346.09
2/22/2000,1352.17
2/23/2000,1360.69
2/24/2000,1353.43
2/25/2000,1333.36
2/28/2000,1348.05
2/29/2000,1366.42
3/1/2000,1379.19
3/2/2000,1381.76
3/3/2000,1409.17
3/6/2000,1391.28
3/7/2000,1355.62
3/8/2000,1366.7
3/9/2000,1401.69
3/10/2000,1395.07
3/13/2000,1383.62
3/14/2000,1359.15
3/15/2000,1392.14
3/16/2000,1458.47
3/17/2000,1464.47
3/20/2000,1456.63
3/21/2000,1493.87
3/22/2000,1500.64
3/23/2000,1527.35
3/24/2000,1527.46
3/27/2000,1523.86
3/28/2000,1507.73
3/29/2000,1508.52
3/30/2000,1487.92
3/31/2000,1498.58
4/3/2000,1505.97
4/4/2000,1494.73
4/5/2000,1487.37
4/6/2000,1501.34
4/7/2000,1516.35
4/10/2000,1504.46
4/11/2000,1500.59
4/12/2000,1467.17
4/13/2000,1440.51
4/14/2000,1356.56
4/17/2000,1401.44
4/18/2000,1441.61
4/19/2000,1427.47
4/20/2000,1434.54
4/24/2000,1429.86
4/25/2000,1477.14
4/26/2000,1460.99
4/27/2000,1464.92
4/28/2000,1452.43
5/1/2000,1468.25
5/2/2000,1446.29
5/3/2000,1415.1
5/4/2000,1409.57
5/5/2000,1432.63
5/8/2000,1424.17
5/9/2000,1412.14
5/10/2000,1383.05
5/11/2000,1407.81
5/12/2000,1420.96
5/15/2000,1452.36
5/16/2000,1466.04
5/17/2000,1447.8
5/18/2000,1437.21
5/19/2000,1406.95
5/22/2000,1400.72
5/23/2000,1373.86
5/24/2000,1399.05
5/25/2000,1381.52
5/26/2000,1378.02
5/30/2000,1422.45
5/31/2000,1420.6
6/1/2000,1448.81
6/2/2000,1477.26
6/5/2000,1467.63
6/6/2000,1457.84
6/7/2000,1471.36
6/8/2000,1461.67
6/9/2000,1456.95
6/12/2000,1446
6/13/2000,1469.44
6/14/2000,1470.54
6/15/2000,1478.73
6/16/2000,1464.46
6/19/2000,1486
6/20/2000,1475.95
6/21/2000,1479.13
6/22/2000,1452.18
6/23/2000,1441.48
6/26/2000,1455.25
6/27/2000,1450.55
6/28/2000,1454.82
6/29/2000,1442.39
6/30/2000,1454.6
7/3/2000,1469.32
7/5/2000,1446.23
7/6/2000,1456.67
7/7/2000,1478.9
7/10/2000,1475.62
7/11/2000,1480.88
7/12/2000,1492.92
7/13/2000,1495.84
7/14/2000,1509.98
7/17/2000,1510.49
7/18/2000,1493.74
7/19/2000,1481.96
7/20/2000,1495.57
7/21/2000,1480.19
7/24/2000,1464.29
7/25/2000,1474.47
7/26/2000,1452.42
7/27/2000,1449.62
7/28/2000,1419.89
7/31/2000,1430.83
8/1/2000,1438.1
8/2/2000,1438.7
8/3/2000,1452.56
8/4/2000,1462.93
8/7/2000,1479.32
8/8/2000,1482.8
8/9/2000,1472.87
8/10/2000,1460.25
8/11/2000,1471.84
8/14/2000,1491.56
8/15/2000,1484.43
8/16/2000,1479.85
8/17/2000,1496.07
8/18/2000,1491.72
8/21/2000,1499.48
8/22/2000,1498.13
8/23/2000,1505.97
8/24/2000,1508.31
8/25/2000,1506.46
8/28/2000,1514.09
8/29/2000,1509.84
8/30/2000,1502.59
8/31/2000,1517.68
9/1/2000,1520.77
9/5/2000,1507.08
9/6/2000,1492.25
9/7/2000,1502.51
9/8/2000,1494.5
9/11/2000,1489.26
9/12/2000,1481.99
9/13/2000,1484.91
9/14/2000,1480.87
9/15/2000,1465.81
9/18/2000,1444.51
9/19/2000,1459.9
9/20/2000,1451.34
9/21/2000,1449.05
9/22/2000,1448.72
9/25/2000,1439.03
9/26/2000,1427.21
9/27/2000,1426.57
9/28/2000,1458.29
9/29/2000,1436.51
10/2/2000,1436.23
10/3/2000,1426.46
10/4/2000,1434.32
10/5/2000,1436.28
10/6/2000,1408.99
10/9/2000,1402.03
10/10/2000,1387.02
10/11/2000,1364.59
10/12/2000,1329.78
10/13/2000,1374.17
10/16/2000,1374.62
10/17/2000,1349.97
10/18/2000,1342.13
10/19/2000,1388.76
10/20/2000,1396.93
10/23/2000,1395.78
10/24/2000,1398.13
10/25/2000,1364.9
10/26/2000,1364.44
10/27/2000,1379.58
10/30/2000,1398.66
10/31/2000,1429.4
11/1/2000,1421.22
11/2/2000,1428.32
11/3/2000,1426.69
11/6/2000,1432.19
11/7/2000,1431.87
11/8/2000,1409.28
11/9/2000,1400.14
11/10/2000,1365.98
11/13/2000,1351.26
11/14/2000,1382.95
11/15/2000,1389.81
11/16/2000,1372.32
11/17/2000,1367.72
11/20/2000,1342.62
11/21/2000,1347.35
11/22/2000,1322.36
11/24/2000,1341.77
11/27/2000,1348.97
11/28/2000,1336.09
11/29/2000,1341.93
11/30/2000,1314.95
12/1/2000,1315.23
12/4/2000,1324.97
12/5/2000,1376.54
12/6/2000,1351.46
12/7/2000,1343.55
12/8/2000,1369.89
12/11/2000,1380.2
12/12/2000,1371.18
12/13/2000,1359.99
12/14/2000,1340.93
12/15/2000,1312.15
12/18/2000,1322.74
12/19/2000,1305.6
12/20/2000,1264.74
12/21/2000,1274.86
12/22/2000,1305.97
12/26/2000,1315.19
12/27/2000,1328.92
12/28/2000,1334.22
12/29/2000,1320.28
1/2/2001,1283.27
1/3/2001,1347.56
1/4/2001,1333.34
1/5/2001,1298.35
1/8/2001,1295.86
1/9/2001,1300.8
1/10/2001,1313.27
1/11/2001,1326.82
1/12/2001,1318.55
1/16/2001,1326.65
1/17/2001,1329.47
1/18/2001,1347.97
1/19/2001,1342.54
1/22/2001,1342.9
1/23/2001,1360.4
1/24/2001,1364.3
1/25/2001,1357.51
1/26/2001,1354.95
1/29/2001,1364.17
1/30/2001,1373.73
1/31/2001,1366.01
